model_name,term,estimate,std.error,statistic,p.value,significant_10pct,significant_5pct,significant_1pct
M1_scenario_only,(Intercept),1.6060403225806574,0.16882682521191775,9.512945117369206,6.999918048428381e-20,TRUE,TRUE,TRUE
M1_scenario_only,scenario_factorSupervisory Alternative Severe,1.3484008538899332,0.36394062670099475,3.7050022859848193,2.341676638338284e-4,TRUE,TRUE,TRUE
M1_scenario_only,scenario_factorSupervisory Severely Adverse,1.417851942612712,0.1956164183955144,7.248123415417896,1.5483204195580561e-12,TRUE,TRUE,TRUE
M2_losses_ppnr,(Intercept),2.72211185195424,0.189600045311087,14.357126589753312,1.4723500064264843e-39,TRUE,TRUE,TRUE
M2_losses_ppnr,scenario_factorSupervisory Alternative Severe,0.5774635265461603,0.34687768897804655,1.6647468110372103,0.09657149835692018,TRUE,FALSE,FALSE
M2_losses_ppnr,scenario_factorSupervisory Severely Adverse,0.9344325622454729,0.1926433557386144,4.850582874570278,1.6333073494702045e-6,TRUE,TRUE,TRUE
M2_losses_ppnr,x_credit_loss_ratio_model,16.735661888571915,3.6510727723772765,4.583765630525912,5.737895034443889e-6,TRUE,TRUE,TRUE
M2_losses_ppnr,x_ppnr_ratio_model,-32.15634321113949,3.0587917237365776,-10.512759976955133,1.5030959158017373e-23,TRUE,TRUE,TRUE
M3_structural_controls,(Intercept),0.47011247993465377,0.29425730358645735,1.5976238285501976,0.1107424606168969,FALSE,FALSE,FALSE
M3_structural_controls,scenario_factorSupervisory Alternative Severe,0.36467779903139563,0.3436444908650725,1.0612065920608098,0.28909536447453626,FALSE,FALSE,FALSE
M3_structural_controls,scenario_factorSupervisory Severely Adverse,0.7589344172289418,0.20367740952813188,3.726159022678055,2.1601548108411873e-4,TRUE,TRUE,TRUE
M3_structural_controls,x_credit_loss_ratio_model,26.749836241626316,3.3684233982548677,7.941352104217369,1.2721990977778414e-14,TRUE,TRUE,TRUE
M3_structural_controls,x_ppnr_ratio_model,-36.05674938705915,2.76209287161244,-13.05414085009029,7.852465722394573e-34,TRUE,TRUE,TRUE
M3_structural_controls,x_initial_cet1_model,0.15761271377199404,0.013776344675761594,11.44082247370751,3.7485571304203676e-27,TRUE,TRUE,TRUE
M3_structural_controls,x_rwa_growth_model,0.9752681003483662,1.4913916920009715,0.6539315631025594,0.5134489188849514,FALSE,FALSE,FALSE
M4_year_fixed_effects,(Intercept),2.090449336256008,0.38328044479597345,5.454098597095891,7.731430885027366e-8,TRUE,TRUE,TRUE
M4_year_fixed_effects,scenario_factorSupervisory Alternative Severe,1.0992958457115884,0.3626512229062491,3.031275716932501,0.002560738724545383,TRUE,TRUE,TRUE
M4_year_fixed_effects,scenario_factorSupervisory Severely Adverse,1.0633740053912843,0.1950580502293001,5.45157712866112,7.835663403052053e-8,TRUE,TRUE,TRUE
M4_year_fixed_effects,x_credit_loss_ratio_model,29.475848235792977,3.1780356892142736,9.274863821016586,5.246573023091229e-19,TRUE,TRUE,TRUE
M4_year_fixed_effects,x_ppnr_ratio_model,-34.4485663387986,2.613255675868688,-13.182241086053452,2.703274776509734e-34,TRUE,TRUE,TRUE
M4_year_fixed_effects,x_initial_cet1_model,0.14008562583683418,0.013033478262080648,10.748138219127323,2.1382627544281224e-24,TRUE,TRUE,TRUE
M4_year_fixed_effects,x_rwa_growth_model,-13.044218625829759,2.2112091202054707,-5.899133875052786,6.715454954316813e-9,TRUE,TRUE,TRUE
M4_year_fixed_effects,year_factor2016,-0.368758726656598,0.2392755777680154,-1.5411465311103345,0.12390996984354355,FALSE,FALSE,FALSE
M4_year_fixed_effects,year_factor2017,-0.2263390344715937,0.25294700482008997,-0.8948081224862838,0.3713176384201452,FALSE,FALSE,FALSE
M4_year_fixed_effects,year_factor2018,-1.1057815773915387,0.32684573945621365,-3.383191040615282,7.723741204901869e-4,TRUE,TRUE,TRUE
M4_year_fixed_effects,year_factor2019,-2.31027455384539,0.37686163694213454,-6.130299100197675,1.774206036040836e-9,TRUE,TRUE,TRUE
M4_year_fixed_effects,year_factor2020,-2.529724640857912,0.3455277355637623,-7.321335975331817,9.800390694409058e-13,TRUE,TRUE,TRUE
M4_year_fixed_effects,year_factor2021,-2.2623022241374957,0.3757483810950662,-6.0207903425806695,3.350530089855173e-9,TRUE,TRUE,TRUE
M4_year_fixed_effects,year_factor2022,-2.2060013164779457,0.4093102225165262,-5.389558323061127,1.0874803701827993e-7,TRUE,TRUE,TRUE
M4_year_fixed_effects,year_factor2023,-2.161499016140082,0.38762890918813947,-5.576206946657267,4.017390464530804e-8,TRUE,TRUE,TRUE
M4_year_fixed_effects,year_factor2024,-2.7225360245994814,0.41449715205590787,-6.568286443213638,1.2721918026047656e-10,TRUE,TRUE,TRUE
M4_year_fixed_effects,year_factor2025,-2.6628598400707917,0.3810132888208726,-6.988889674456193,8.839388514735387e-12,TRUE,TRUE,TRUE
M5_bank_fixed_effects,(Intercept),0.15729456764796276,0.7506972361499292,0.20953129980159924,0.8341266720975169,FALSE,FALSE,FALSE
M5_bank_fixed_effects,scenario_factorSupervisory Alternative Severe,0.7572416605056757,0.25071991441018326,3.020269300454577,0.0026667145534983003,TRUE,TRUE,TRUE
M5_bank_fixed_effects,scenario_factorSupervisory Severely Adverse,1.048533627993144,0.16395649604818774,6.395194172025817,3.961175741678052e-10,TRUE,TRUE,TRUE
M5_bank_fixed_effects,x_credit_loss_ratio_model,44.41398702555786,6.238932261921642,7.118844244652528,4.233506446309857e-12,TRUE,TRUE,TRUE
M5_bank_fixed_effects,x_ppnr_ratio_model,-39.21504269375483,4.025795654730225,-9.740942178145078,1.675695273180166e-20,TRUE,TRUE,TRUE
M5_bank_fixed_effects,x_initial_cet1_model,0.11029907551819251,0.022753289702496425,4.847610036191418,1.714149604506805e-6,TRUE,TRUE,TRUE
M5_bank_fixed_effects,x_rwa_growth_model,11.268571275585568,1.1901457280308458,9.468228142304866,1.5171336471051503e-19,TRUE,TRUE,TRUE
M5_bank_fixed_effects,bank_factor22 participating banks,-1.04676915089636,1.168949941348231,-0.8954781670881891,0.37100191388797665,FALSE,FALSE,FALSE
M5_bank_fixed_effects,bank_factor23 participating banks,-0.45316015808380955,1.168485558102134,-0.3878183644989475,0.69833063112798,FALSE,FALSE,FALSE
M5_bank_fixed_effects,bank_factor23 participating firms,-0.565306263376145,1.1687107885805914,-0.48370073152376214,0.6288294509999496,FALSE,FALSE,FALSE
M5_bank_fixed_effects,bank_factor31 participating banks,-0.4680283621730039,1.1700908486569195,-0.39999318233300174,0.6893480238868369,FALSE,FALSE,FALSE
M5_bank_fixed_effects,bank_factor32 participating banks,-0.9445276732754251,1.1712210252667117,-0.8064469924114761,0.4204037072912672,FALSE,FALSE,FALSE
M5_bank_fixed_effects,bank_factor33 participating bank holding companies,-0.08320794560146118,0.9574726864303835,-0.08690372767882722,0.9307860170150217,FALSE,FALSE,FALSE
M5_bank_fixed_effects,bank_factor33 participating banks,-0.14797812124635046,1.1682867367248104,-0.12666250210217583,0.8992631124280155,FALSE,FALSE,FALSE
M5_bank_fixed_effects,bank_factor33 participating firms,-0.5280768700112832,0.8735389077166817,-0.6045258721121056,0.5457934283628804,FALSE,FALSE,FALSE
M5_bank_fixed_effects,bank_factor34 participating bank holding companies,-0.14861306251086415,0.9566742778209786,-0.1553434287470975,0.8766190187319631,FALSE,FALSE,FALSE
M5_bank_fixed_effects,bank_factor35 participating firms,0.4685108475847724,0.9544051246205961,0.49089305526415644,0.6237372103842671,FALSE,FALSE,FALSE
M5_bank_fixed_effects,bank_factorAlly Financial Inc.,-0.7989089422204267,0.7381360441786154,-1.0823329229362295,0.2796741299808254,FALSE,FALSE,FALSE
M5_bank_fixed_effects,bank_factorAmerican Express Company,-0.12944808814923955,0.8835479186845543,-0.14650941438690132,0.8835837231971455,FALSE,FALSE,FALSE
M5_bank_fixed_effects,bank_factorBancWest Corporation,-1.3672631850863883,0.841336103251011,-1.6251093704443917,0.10482715952802912,FALSE,FALSE,FALSE
M5_bank_fixed_effects,bank_factorBank of America Corporation,-0.700808774736019,0.7147327373516041,-0.9805186443996122,0.32734782226606307,FALSE,FALSE,FALSE
M5_bank_fixed_effects,bank_factorBarclays US LLC,0.1654316070955757,0.7304321219318421,0.2264845728006091,0.8209256018991495,FALSE,FALSE,FALSE
M5_bank_fixed_effects,bank_factorBB&T Corporation,-0.7312775954979824,0.7852195755668993,-0.9313033172536832,0.3521873266013348,FALSE,FALSE,FALSE
M5_bank_fixed_effects,"bank_factorBBVA Compass Bancshares, Inc.",-0.8631785882598954,0.7912494514510637,-1.0909057651501957,0.275887924889325,FALSE,FALSE,FALSE
M5_bank_fixed_effects,bank_factorBMO Financial Corp.,0.2745825649172276,0.7282797648022363,0.3770289635766418,0.7063267078953501,FALSE,FALSE,FALSE
M5_bank_fixed_effects,"bank_factorBNP Paribas USA, Inc.",0.026722137634008974,0.7945130757648852,0.03363335160756583,0.9731841790487701,FALSE,FALSE,FALSE
M5_bank_fixed_effects,bank_factorCapital One Financial Corporation,-0.6226082792327318,0.8955510676098676,-0.6952236469265882,0.48726772456707634,FALSE,FALSE,FALSE
M5_bank_fixed_effects,bank_factorCIT Group Inc.,-0.4063374853766425,0.9689787787779861,-0.4193461139459517,0.6751598145747109,FALSE,FALSE,FALSE
M5_bank_fixed_effects,bank_factorCitigroup Inc.,0.6049436402936489,0.7137974908067628,0.8475003738243981,0.39715893427352356,FALSE,FALSE,FALSE
M5_bank_fixed_effects,"bank_factorCitizens Financial Group, Inc.",-0.5023399295611046,0.7324857062541935,-0.68580168223348,0.49318516727612616,FALSE,FALSE,FALSE
M5_bank_fixed_effects,bank_factorComerica Incorporated,-1.7454412286478151,0.8313167534844483,-2.099610312593643,0.03630971104468807,TRUE,TRUE,FALSE
M5_bank_fixed_effects,"bank_factorCredit Suisse Holdings (USA), Inc.",3.7685481544447867,0.8252760862182611,4.566409008303819,6.38500644049438e-6,TRUE,TRUE,TRUE
M5_bank_fixed_effects,bank_factorDB USA Corporation,3.2691395537701045,0.8136812255163034,4.017715354923846,6.868152223102363e-5,TRUE,TRUE,TRUE
M5_bank_fixed_effects,bank_factorDeutsche Bank Trust Corporation,-3.049777290144427,1.181224585168063,-2.5818775941837586,0.010136020898837163,TRUE,TRUE,FALSE
M5_bank_fixed_effects,bank_factorDiscover Financial Services,-0.3490317937453666,1.0402335898285864,-0.335532131588715,0.7373773504585863,FALSE,FALSE,FALSE
M5_bank_fixed_effects,bank_factorFifth Third Bancorp,-1.1436592749202403,0.7357478843651388,-1.5544173476041723,0.12077560668500785,FALSE,FALSE,FALSE
M5_bank_fixed_effects,"bank_factorFirst Citizens Bancshares, Inc.",0.4521316648673882,1.1842447547354782,0.38178903732478825,0.7027949217417306,FALSE,FALSE,FALSE
M5_bank_fixed_effects,bank_factorHSBC North America Holdings Inc.,1.6103633399994914,0.7406625983566034,2.1742198722773325,0.030199924597592423,TRUE,TRUE,FALSE
M5_bank_fixed_effects,bank_factorHuntington Bancshares Incorporated,-1.1752294177968492,0.7366162868221479,-1.5954431619574034,0.1113029352212758,FALSE,FALSE,FALSE
M5_bank_fixed_effects,bank_factorJPMorgan Chase & Co.,-0.10237707083191173,0.7138174905472046,-0.14342191412742017,0.886020056026873,FALSE,FALSE,FALSE
M5_bank_fixed_effects,bank_factorKeyCorp,-1.0720818489228703,0.7350200130201772,-1.4585750454844286,0.1453675258296367,FALSE,FALSE,FALSE
M5_bank_fixed_effects,bank_factorM&T Bank Corporation,-0.500409407636221,0.7347640985728991,-0.6810477112424855,0.4961854822144104,FALSE,FALSE,FALSE
M5_bank_fixed_effects,bank_factorMorgan Stanley,2.5937861818753793,0.7319801360996769,3.5435199043737056,4.35352658830803e-4,TRUE,TRUE,TRUE
M5_bank_fixed_effects,bank_factorMUFG Americas Holdings Corporation,-1.1416452173532794,0.7506498470199029,-1.5208758409605185,0.1289810542811481,FALSE,FALSE,FALSE
M5_bank_fixed_effects,bank_factorNorthern Trust Corporation,-1.543619755265913,0.7157063735311577,-2.1567779921394155,0.03154267378176634,TRUE,TRUE,FALSE
M5_bank_fixed_effects,bank_factorRBC US Group Holdings LLC,0.1765402263827499,0.7574486573328129,0.2330722018894285,0.8158094661292997,FALSE,FALSE,FALSE
M5_bank_fixed_effects,bank_factorRBC USA Holdco Corporation,-0.42525268325965115,0.962649063603744,-0.44175255483830006,0.6588767715233812,FALSE,FALSE,FALSE
M5_bank_fixed_effects,bank_factorRegions Financial Corporation,-1.1214192508197813,0.7309186973741195,-1.5342599044853613,0.12565619682185233,FALSE,FALSE,FALSE
M5_bank_fixed_effects,"bank_factorSantander Holdings USA, Inc.",-3.0166233673830525,0.7681541886743133,-3.9271065781586967,9.920931291682404e-5,TRUE,TRUE,TRUE
M5_bank_fixed_effects,bank_factorState Street Corporation,0.28911001205917236,0.7305339086268866,0.3957516668905681,0.6924725181649971,FALSE,FALSE,FALSE
M5_bank_fixed_effects,"bank_factorSunTrust Banks, Inc.",-0.8896082667009416,0.7841782008892335,-1.1344465654517732,0.25720067119628165,FALSE,FALSE,FALSE
M5_bank_fixed_effects,bank_factorSynchrony Financial,-3.1501514791048786,1.4353964466166615,-2.1946212048455496,0.028692139761816605,TRUE,TRUE,FALSE
M5_bank_fixed_effects,bank_factorTD Group US Holdings LLC,-1.828659575674243,0.723886345653233,-2.5261694555435574,0.011867380355889837,TRUE,TRUE,FALSE
M5_bank_fixed_effects,bank_factorThe Bank of New York Mellon Corporation,-0.11893520592234987,0.7354439209220457,-0.16171893265938975,0.8715985107711137,FALSE,FALSE,FALSE
M5_bank_fixed_effects,bank_factorThe Charles Schwab Corporation,-1.5729530730013588,0.8889149892352759,-1.769520248898664,0.07747245849764535,TRUE,FALSE,FALSE
M5_bank_fixed_effects,"bank_factorThe Goldman Sachs Group, Inc.",2.26009215512726,0.7207265833250567,3.135852357076068,0.0018238330468515027,TRUE,TRUE,TRUE
M5_bank_fixed_effects,"bank_factorThe PNC Financial Services Group, Inc.",-1.1220970587248194,0.7148383499415796,-1.5697214045896155,0.11717051891346227,FALSE,FALSE,FALSE
M5_bank_fixed_effects,bank_factorTruist Financial Corporation,-1.1870451512179667,0.7498301892779677,-1.5830853014347226,0.11409227273453425,FALSE,FALSE,FALSE
M5_bank_fixed_effects,bank_factorU.S. Bancorp,-1.3799530770889024,0.7205943470742401,-1.9150206807641401,0.056112426540941174,TRUE,FALSE,FALSE
M5_bank_fixed_effects,bank_factorUBS Americas Holding LLC,2.6839075307945497,0.7558017981393256,3.5510732276662225,4.2337428984113543e-4,TRUE,TRUE,TRUE
M5_bank_fixed_effects,bank_factorWells Fargo & Company,-0.36443360636518346,0.7139169404324089,-0.5104705964036256,0.6099677457649662,FALSE,FALSE,FALSE
M5_bank_fixed_effects,bank_factorZions Bancorporation,-0.7506542877063447,0.8390921669776984,-0.894602902098472,0.3714692818133367,FALSE,FALSE,FALSE
M6_bank_year_fixed_effects,(Intercept),1.5269174546117272,0.7251692824613655,2.1056013975510277,0.03579496663961412,TRUE,TRUE,FALSE
M6_bank_year_fixed_effects,scenario_factorSupervisory Alternative Severe,0.8026946060431367,0.24891382368119844,3.2247891827462523,0.0013528714468806625,TRUE,TRUE,TRUE
M6_bank_year_fixed_effects,scenario_factorSupervisory Severely Adverse,0.7328782842626032,0.15825845348393408,4.630895020953827,4.7775746623517715e-6,TRUE,TRUE,TRUE
M6_bank_year_fixed_effects,x_credit_loss_ratio_model,63.10747762295915,6.1150141857421785,10.320086872423143,1.5203748700759368e-22,TRUE,TRUE,TRUE
M6_bank_year_fixed_effects,x_ppnr_ratio_model,-35.69243497844677,3.9495680030606986,-9.037047836823442,4.85609333280317e-18,TRUE,TRUE,TRUE
M6_bank_year_fixed_effects,x_initial_cet1_model,0.10371243822041261,0.020813971112282403,4.9828280082127865,8.966675945073601e-7,TRUE,TRUE,TRUE
M6_bank_year_fixed_effects,x_rwa_growth_model,-4.743818619407589,2.009011541836873,-2.3612699681507237,0.018639648995588263,TRUE,TRUE,FALSE
M6_bank_year_fixed_effects,year_factor2016,-0.17344662073776146,0.15143249199453995,-1.1453725581166243,0.25266634301218677,FALSE,FALSE,FALSE
M6_bank_year_fixed_effects,year_factor2017,-0.3917648619707986,0.17209154191467826,-2.2764910907999925,0.023287589717426116,TRUE,TRUE,FALSE
M6_bank_year_fixed_effects,year_factor2018,-1.3545109952022045,0.2320545873103777,-5.8370360650984185,1.020834988806119e-8,TRUE,TRUE,TRUE
M6_bank_year_fixed_effects,year_factor2019,-2.0335616491857986,0.2739408938088347,-7.423359181287068,5.797812623526424e-13,TRUE,TRUE,TRUE
M6_bank_year_fixed_effects,year_factor2020,-2.465280918614898,0.26622978155081706,-9.259974238247771,8.537386024976706e-19,TRUE,TRUE,TRUE
M6_bank_year_fixed_effects,year_factor2021,-2.0001988497472913,0.27677805812771433,-7.226724774636344,2.1473429812058003e-12,TRUE,TRUE,TRUE
M6_bank_year_fixed_effects,year_factor2022,-2.11455960858548,0.30107788771609234,-7.0232976078915765,8.090782543743483e-12,TRUE,TRUE,TRUE
M6_bank_year_fixed_effects,year_factor2023,-2.0139064999504814,0.29676677634169407,-6.78615889816349,3.660992657846274e-11,TRUE,TRUE,TRUE
M6_bank_year_fixed_effects,year_factor2024,-2.5677175038822897,0.30850118442622526,-8.323201444616599,1.0450332363223058e-15,TRUE,TRUE,TRUE
M6_bank_year_fixed_effects,year_factor2025,-2.443978678672574,0.29790999369511284,-8.203748549549472,2.4911247024362404e-15,TRUE,TRUE,TRUE
M6_bank_year_fixed_effects,bank_factor22 participating banks,-0.5741440425662451,1.06997810488149,-0.5365941975325157,0.5918143087574353,FALSE,FALSE,FALSE
M6_bank_year_fixed_effects,bank_factor23 participating banks,-0.40345739284820575,1.069024828538556,-0.37740694329781366,0.7060499297220921,FALSE,FALSE,FALSE
M6_bank_year_fixed_effects,bank_factor23 participating firms,-0.04193259033511862,1.0606913425076552,-0.03953326349961792,0.9684828447142193,FALSE,FALSE,FALSE
M6_bank_year_fixed_effects,bank_factor31 participating banks,-0.6665976120221453,1.0657177131313644,-0.6254917261940808,0.5319668693029477,FALSE,FALSE,FALSE
M6_bank_year_fixed_effects,bank_factor32 participating banks,-0.6538692850232803,1.0664592955997754,-0.6131216519197248,0.5401070360136682,FALSE,FALSE,FALSE
M6_bank_year_fixed_effects,bank_factor33 participating bank holding companies,-0.3222457581950289,0.8733774926454183,-0.3689650362055496,0.7123280952027793,FALSE,FALSE,FALSE
M6_bank_year_fixed_effects,bank_factor33 participating banks,-0.19698083026046329,1.0651602979507862,-0.18493069131418607,0.8533670862304196,FALSE,FALSE,FALSE
M6_bank_year_fixed_effects,bank_factor33 participating firms,-0.4479538337336281,0.7964851680188043,-0.5624132773845355,0.5741157753042021,FALSE,FALSE,FALSE
M6_bank_year_fixed_effects,bank_factor34 participating bank holding companies,-0.3187458084326602,0.8734019227660899,-0.36494745445851867,0.7153228477469387,FALSE,FALSE,FALSE
M6_bank_year_fixed_effects,bank_factor35 participating firms,-0.03846249960923333,0.8717848340508175,-0.04411925753573191,0.9648290000329625,FALSE,FALSE,FALSE
M6_bank_year_fixed_effects,bank_factorAlly Financial Inc.,-1.1783735429388076,0.6788588236954417,-1.73581531506684,0.08328404995670481,TRUE,FALSE,FALSE
M6_bank_year_fixed_effects,bank_factorAmerican Express Company,-1.4946857452409281,0.8254960241845131,-1.8106516584589136,0.0708645495213067,TRUE,FALSE,FALSE
M6_bank_year_fixed_effects,bank_factorBancWest Corporation,-1.884813114733845,0.7714952744150391,-2.4430650157422447,0.014948298156517993,TRUE,TRUE,FALSE
M6_bank_year_fixed_effects,bank_factorBank of America Corporation,-0.5734512715914579,0.6534541050352126,-0.8775693153852885,0.3806478544909999,FALSE,FALSE,FALSE
M6_bank_year_fixed_effects,bank_factorBarclays US LLC,0.011057436949113209,0.6649071521616914,0.016630046636081714,0.9867391575683224,FALSE,FALSE,FALSE
M6_bank_year_fixed_effects,bank_factorBB&T Corporation,-0.910561840243306,0.7181946157145946,-1.2678483245621501,0.20551064903974398,FALSE,FALSE,FALSE
M6_bank_year_fixed_effects,"bank_factorBBVA Compass Bancshares, Inc.",-1.5676700380706607,0.7289115636249138,-2.1506999151921242,0.03203419806564526,TRUE,TRUE,FALSE
M6_bank_year_fixed_effects,bank_factorBMO Financial Corp.,0.10136976205577358,0.6705990505756706,0.15116299667998856,0.8799151807511414,FALSE,FALSE,FALSE
M6_bank_year_fixed_effects,"bank_factorBNP Paribas USA, Inc.",-0.23750676585131533,0.7295576160939802,-0.3255490184900217,0.7449175818542584,FALSE,FALSE,FALSE
M6_bank_year_fixed_effects,bank_factorCapital One Financial Corporation,-2.1139138258916543,0.8316192871225953,-2.541924963291558,0.011360199494905328,TRUE,TRUE,FALSE
M6_bank_year_fixed_effects,bank_factorCIT Group Inc.,-3.9041078477203386,0.9720205133491713,-4.01648709477173,6.926292483110848e-5,TRUE,TRUE,TRUE
M6_bank_year_fixed_effects,bank_factorCitigroup Inc.,0.5218844459560417,0.6516833227451391,0.8008252286672997,0.4236573218954698,FALSE,FALSE,FALSE
M6_bank_year_fixed_effects,"bank_factorCitizens Financial Group, Inc.",-0.7843890716805445,0.6736473561967906,-1.1643912270493693,0.2448851858572995,FALSE,FALSE,FALSE
M6_bank_year_fixed_effects,bank_factorComerica Incorporated,-2.0263300823595665,0.7624676638924204,-2.657594778531447,0.008151388450470979,TRUE,TRUE,TRUE
M6_bank_year_fixed_effects,"bank_factorCredit Suisse Holdings (USA), Inc.",3.631425767270802,0.7514927099328224,4.832283426402664,1.857105779159228e-6,TRUE,TRUE,TRUE
M6_bank_year_fixed_effects,bank_factorDB USA Corporation,3.0539750656993796,0.7435487092490207,4.107296573460364,4.759437065167177e-5,TRUE,TRUE,TRUE
M6_bank_year_fixed_effects,bank_factorDeutsche Bank Trust Corporation,-3.2274247048552156,1.0719217747675989,-3.0108770815435175,0.0027521797073734506,TRUE,TRUE,TRUE
M6_bank_year_fixed_effects,bank_factorDiscover Financial Services,-2.6673794705724947,0.9854873256131376,-2.7066603509212457,0.007055989574223252,TRUE,TRUE,TRUE
M6_bank_year_fixed_effects,bank_factorFifth Third Bancorp,-1.3937070382775112,0.675706550803222,-2.0625921661123336,0.039727273888852846,TRUE,TRUE,FALSE
M6_bank_year_fixed_effects,"bank_factorFirst Citizens Bancshares, Inc.",0.3528407599275932,1.0831067969099946,0.3257672843843431,0.7447525355709881,FALSE,FALSE,FALSE
M6_bank_year_fixed_effects,bank_factorHSBC North America Holdings Inc.,1.2431833292867989,0.6813598828624003,1.8245619687266765,0.06873302100825866,TRUE,FALSE,FALSE
M6_bank_year_fixed_effects,bank_factorHuntington Bancshares Incorporated,-1.098720374705623,0.6755249942024089,-1.6264688710783826,0.10455309307004777,FALSE,FALSE,FALSE
M6_bank_year_fixed_effects,bank_factorJPMorgan Chase & Co.,-0.0904215878667054,0.6514951609527436,-0.13879088178409993,0.8896777648514576,FALSE,FALSE,FALSE
M6_bank_year_fixed_effects,bank_factorKeyCorp,-0.8370372093977493,0.674839288293736,-1.2403504418275864,0.2154950108927847,FALSE,FALSE,FALSE
M6_bank_year_fixed_effects,bank_factorM&T Bank Corporation,-0.9220962114258959,0.6755846855041399,-1.3648861959293859,0.1729738949037373,FALSE,FALSE,FALSE
M6_bank_year_fixed_effects,bank_factorMorgan Stanley,3.0352401943081775,0.6710476511358401,4.52313660463697,7.812798148239052e-6,TRUE,TRUE,TRUE
M6_bank_year_fixed_effects,bank_factorMUFG Americas Holdings Corporation,-1.0416248342512286,0.6885725337592423,-1.5127307337754343,0.13105316174227008,FALSE,FALSE,FALSE
M6_bank_year_fixed_effects,bank_factorNorthern Trust Corporation,-1.2770006738081514,0.6546752096092419,-1.9505865734099799,0.05172939348745546,TRUE,FALSE,FALSE
M6_bank_year_fixed_effects,bank_factorRBC US Group Holdings LLC,0.08324641567846341,0.6942761157414458,0.11990390248346823,0.9046130244867322,FALSE,FALSE,FALSE
M6_bank_year_fixed_effects,bank_factorRBC USA Holdco Corporation,-0.4668988523638646,0.8808457334330981,-0.530057460282092,0.596334693211847,FALSE,FALSE,FALSE
M6_bank_year_fixed_effects,bank_factorRegions Financial Corporation,-1.3935827092528446,0.6716414368422092,-2.074890905785855,0.0385669205934289,TRUE,TRUE,FALSE
M6_bank_year_fixed_effects,"bank_factorSantander Holdings USA, Inc.",-3.7177047106599095,0.7058133812487651,-5.267263003830184,2.154813233411758e-7,TRUE,TRUE,TRUE
M6_bank_year_fixed_effects,bank_factorState Street Corporation,0.6607284520848707,0.6701008352560218,0.9860134733788681,0.3246587139232422,FALSE,FALSE,FALSE
M6_bank_year_fixed_effects,"bank_factorSunTrust Banks, Inc.",-1.1228716413984292,0.7185044261400407,-1.5627901520812273,0.11880804360403316,FALSE,FALSE,FALSE
M6_bank_year_fixed_effects,bank_factorSynchrony Financial,-4.693314249985601,1.305775491251046,-3.594273503700854,3.6140474571025056e-4,TRUE,TRUE,TRUE
M6_bank_year_fixed_effects,bank_factorTD Group US Holdings LLC,-1.4235477644640169,0.6614481582636751,-2.152168309306175,0.03191768822389471,TRUE,TRUE,FALSE
M6_bank_year_fixed_effects,bank_factorThe Bank of New York Mellon Corporation,0.2817062669118172,0.675335449583771,0.417135317101214,0.6767792466686211,FALSE,FALSE,FALSE
M6_bank_year_fixed_effects,bank_factorThe Charles Schwab Corporation,-0.6822978538390181,0.8250849038692992,-0.8269425978336651,0.4087098221893454,FALSE,FALSE,FALSE
M6_bank_year_fixed_effects,"bank_factorThe Goldman Sachs Group, Inc.",2.5436453738916147,0.6597585574125429,3.8554185395750604,1.3244169808915502e-4,TRUE,TRUE,TRUE
M6_bank_year_fixed_effects,"bank_factorThe PNC Financial Services Group, Inc.",-0.9875669904501487,0.6530934666710101,-1.5121372986381851,0.13120400084916053,FALSE,FALSE,FALSE
M6_bank_year_fixed_effects,bank_factorTruist Financial Corporation,-0.9327414514649007,0.6874156786259009,-1.3568812589922157,0.1755022151672044,FALSE,FALSE,FALSE
M6_bank_year_fixed_effects,bank_factorU.S. Bancorp,-1.4825101688190596,0.6578892212975381,-2.25343434855969,0.024714559060350905,TRUE,TRUE,FALSE
M6_bank_year_fixed_effects,bank_factorUBS Americas Holding LLC,2.0017184951656835,0.6919382092592121,2.8929151019261097,0.004002866793836654,TRUE,TRUE,TRUE
M6_bank_year_fixed_effects,bank_factorWells Fargo & Company,-0.32370786694327686,0.6518929372470869,-0.49656599795401973,0.6197386952561893,FALSE,FALSE,FALSE
M6_bank_year_fixed_effects,bank_factorZions Bancorporation,-1.3190755610716616,0.7709835394481902,-1.710899770980523,0.08779185098526648,TRUE,FALSE,FALSE
M7_log_amounts_bank_year_fixed_effects,(Intercept),-1.5890014858164616,1.6247578110261824,-0.9779928276281759,0.32860568101090615,FALSE,FALSE,FALSE
M7_log_amounts_bank_year_fixed_effects,scenario_factorSupervisory Alternative Severe,0.7789021239555657,0.25533483873163554,3.0505125263153565,0.0024200949132052616,TRUE,TRUE,TRUE
M7_log_amounts_bank_year_fixed_effects,scenario_factorSupervisory Severely Adverse,0.7055835686704142,0.16795771035354587,4.200959677201971,3.2085768295786923e-5,TRUE,TRUE,TRUE
M7_log_amounts_bank_year_fixed_effects,log_total_loan_losses,2.7230473235656563,0.30118299731137865,9.041172137451133,4.703604844890439e-18,TRUE,TRUE,TRUE
M7_log_amounts_bank_year_fixed_effects,log_ppnr_amount,-1.9960241542960475,0.16813275202095043,-11.871715238725944,1.8806864553804113e-28,TRUE,TRUE,TRUE
M7_log_amounts_bank_year_fixed_effects,x_initial_cet1_model,0.10155933585661034,0.020518315654569127,4.949691659217387,1.0541942098485013e-6,TRUE,TRUE,TRUE
M7_log_amounts_bank_year_fixed_effects,x_rwa_growth_model,-2.4280637603258306,1.9673069442529263,-1.2342068772841515,0.21777284832230134,FALSE,FALSE,FALSE
M7_log_amounts_bank_year_fixed_effects,year_factor2016,-0.19538446185760863,0.151811008659255,-1.2870243309966785,0.1987503788443162,FALSE,FALSE,FALSE
M7_log_amounts_bank_year_fixed_effects,year_factor2017,-0.3361966025924601,0.17183277675822367,-1.9565336074706143,0.05102316089156588,TRUE,FALSE,FALSE
M7_log_amounts_bank_year_fixed_effects,year_factor2018,-1.137076188395799,0.23035280513838302,-4.936237645175224,1.1255079509765575e-6,TRUE,TRUE,TRUE
M7_log_amounts_bank_year_fixed_effects,year_factor2019,-1.8825328240938455,0.2728131919157017,-6.900446458892433,1.777444721825079e-11,TRUE,TRUE,TRUE
M7_log_amounts_bank_year_fixed_effects,year_factor2020,-2.242491288470769,0.2657360063283041,-8.4387935208911,4.470990008378803e-16,TRUE,TRUE,TRUE
M7_log_amounts_bank_year_fixed_effects,year_factor2021,-1.8518807458210096,0.2815074467161494,-6.578443190130969,1.3289009186943706e-10,TRUE,TRUE,TRUE
M7_log_amounts_bank_year_fixed_effects,year_factor2022,-2.0661524654996692,0.3123883457908357,-6.614051046843766,1.0677663748186959e-10,TRUE,TRUE,TRUE
M7_log_amounts_bank_year_fixed_effects,year_factor2023,-1.9068427487229798,0.31020240363581114,-6.147092112676478,1.7469690397248306e-9,TRUE,TRUE,TRUE
M7_log_amounts_bank_year_fixed_effects,year_factor2024,-2.4925394917976016,0.32382697536357175,-7.69713359734513,8.967083308143985e-14,TRUE,TRUE,TRUE
M7_log_amounts_bank_year_fixed_effects,year_factor2025,-2.299787048057761,0.3106806624164222,-7.40241452483847,6.673872757745363e-13,TRUE,TRUE,TRUE
M7_log_amounts_bank_year_fixed_effects,bank_factor22 participating banks,-0.6916078842718926,1.0748222285863085,-0.6434625800226984,0.5202532234823642,FALSE,FALSE,FALSE
M7_log_amounts_bank_year_fixed_effects,bank_factor23 participating banks,-0.6253970057257757,1.0737143982976927,-0.5824612268563258,0.5605490741147028,FALSE,FALSE,FALSE
M7_log_amounts_bank_year_fixed_effects,bank_factor23 participating firms,-0.41820892258906844,1.06452586276107,-0.3928593350511525,0.6946102393520032,FALSE,FALSE,FALSE
M7_log_amounts_bank_year_fixed_effects,bank_factor31 participating banks,-0.9809736158631277,1.0732576413467239,-0.9140150305682444,0.3612005962485374,FALSE,FALSE,FALSE
M7_log_amounts_bank_year_fixed_effects,bank_factor32 participating banks,-0.9268314707956778,1.0757727992381156,-0.8615494567738456,0.3893963863632057,FALSE,FALSE,FALSE
M7_log_amounts_bank_year_fixed_effects,bank_factor33 participating bank holding companies,-0.45916656171812115,0.8814743728911109,-0.5209074430741758,0.6026886160332503,FALSE,FALSE,FALSE
M7_log_amounts_bank_year_fixed_effects,bank_factor33 participating banks,-0.5481399274837598,1.07247890950954,-0.5110962300735892,0.6095354551933929,FALSE,FALSE,FALSE
M7_log_amounts_bank_year_fixed_effects,bank_factor33 participating firms,-0.7837117646499799,0.8057232376148867,-0.9726810994925932,0.3312366978331144,FALSE,FALSE,FALSE
M7_log_amounts_bank_year_fixed_effects,bank_factor34 participating bank holding companies,-0.4067173516490968,0.8810187417490215,-0.46164438096024024,0.6445604353396988,FALSE,FALSE,FALSE
M7_log_amounts_bank_year_fixed_effects,bank_factor35 participating firms,-0.14223209285450192,0.879122732853374,-0.16178866447106693,0.871545219597848,FALSE,FALSE,FALSE
M7_log_amounts_bank_year_fixed_effects,bank_factorAlly Financial Inc.,1.64421784712334,1.2124092278047482,1.356157483311511,0.175732172696683,FALSE,FALSE,FALSE
M7_log_amounts_bank_year_fixed_effects,bank_factorAmerican Express Company,0.8961688171017592,1.0553613093482392,0.8491583016769937,0.3962467326544534,FALSE,FALSE,FALSE
M7_log_amounts_bank_year_fixed_effects,bank_factorBancWest Corporation,1.3025714110272637,1.3267233794968898,0.9817957768417522,0.32673037039991404,FALSE,FALSE,FALSE
M7_log_amounts_bank_year_fixed_effects,bank_factorBank of America Corporation,0.40785534914570304,0.830214894883634,0.49126479380121163,0.6234797534664183,FALSE,FALSE,FALSE
M7_log_amounts_bank_year_fixed_effects,bank_factorBarclays US LLC,3.0486922649574413,1.3067917107773683,2.332959598545259,0.020092081911384684,TRUE,TRUE,FALSE
M7_log_amounts_bank_year_fixed_effects,bank_factorBB&T Corporation,1.68838713217955,1.2075445846735027,1.398198587123852,0.16274523085489803,FALSE,FALSE,FALSE
M7_log_amounts_bank_year_fixed_effects,"bank_factorBBVA Compass Bancshares, Inc.",1.5839222651277498,1.3514340122357338,1.1720307841796884,0.24180758894099383,FALSE,FALSE,FALSE
M7_log_amounts_bank_year_fixed_effects,bank_factorBMO Financial Corp.,2.3458197113559,1.2780143216412074,1.8355191108840099,0.06709148285685726,TRUE,FALSE,FALSE
M7_log_amounts_bank_year_fixed_effects,"bank_factorBNP Paribas USA, Inc.",2.3877284499295715,1.3403081141566902,1.7814772772840435,0.07551185762074467,TRUE,FALSE,FALSE
M7_log_amounts_bank_year_fixed_effects,bank_factorCapital One Financial Corporation,1.8028390574514996,0.8764828842338249,2.0569016119777928,0.040274142071699326,TRUE,TRUE,FALSE
M7_log_amounts_bank_year_fixed_effects,bank_factorCIT Group Inc.,-0.3993075421226804,1.5231042805742256,-0.2621669095251557,0.7933132661539151,FALSE,FALSE,FALSE
M7_log_amounts_bank_year_fixed_effects,bank_factorCitigroup Inc.,1.7988561575169937,0.8331519101554105,2.15909744140351,0.031372801283636766,TRUE,TRUE,FALSE
M7_log_amounts_bank_year_fixed_effects,"bank_factorCitizens Financial Group, Inc.",1.8923040735853762,1.2289681240516908,1.5397503292003898,0.12432721434297608,FALSE,FALSE,FALSE
M7_log_amounts_bank_year_fixed_effects,bank_factorComerica Incorporated,0.9357158973489886,1.4439069421684256,0.648044461884609,0.5172881764595862,FALSE,FALSE,FALSE
M7_log_amounts_bank_year_fixed_effects,"bank_factorCredit Suisse Holdings (USA), Inc.",7.523300224653324,1.6688802196252983,4.5079929261444995,8.365435497346385e-6,TRUE,TRUE,TRUE
M7_log_amounts_bank_year_fixed_effects,bank_factorDB USA Corporation,6.323427398394053,1.6238356587512417,3.8941301506193557,1.135636633556117e-4,TRUE,TRUE,TRUE
M7_log_amounts_bank_year_fixed_effects,bank_factorDeutsche Bank Trust Corporation,0.030596934654483085,1.7134862302304055,0.01785653955933386,0.9857612495197569,FALSE,FALSE,FALSE
M7_log_amounts_bank_year_fixed_effects,bank_factorDiscover Financial Services,1.360558756098004,1.07069905565102,1.2707200486608627,0.20448771772873364,FALSE,FALSE,FALSE
M7_log_amounts_bank_year_fixed_effects,bank_factorFifth Third Bancorp,1.4490119216154793,1.2302295958387865,1.177838613634981,0.2394862474964481,FALSE,FALSE,FALSE
M7_log_amounts_bank_year_fixed_effects,"bank_factorFirst Citizens Bancshares, Inc.",3.4202202679749183,1.4487694152525135,2.360776140058693,0.018664172650394172,TRUE,TRUE,FALSE
M7_log_amounts_bank_year_fixed_effects,bank_factorHSBC North America Holdings Inc.,2.3426889434383678,1.3542651714294736,1.729859847880145,0.08434405024142254,TRUE,FALSE,FALSE
M7_log_amounts_bank_year_fixed_effects,bank_factorHuntington Bancshares Incorporated,1.9035330597768814,1.315046553894411,1.4475024128535314,0.14845565402735092,FALSE,FALSE,FALSE
M7_log_amounts_bank_year_fixed_effects,bank_factorJPMorgan Chase & Co.,1.0809950261922754,0.7882020059732445,1.3714695192351105,0.1709151394161225,FALSE,FALSE,FALSE
M7_log_amounts_bank_year_fixed_effects,bank_factorKeyCorp,1.855103814331599,1.2767960312912368,1.4529367016088808,0.1469413876596535,FALSE,FALSE,FALSE
M7_log_amounts_bank_year_fixed_effects,bank_factorM&T Bank Corporation,2.2545965486769766,1.2370488566623032,1.8225606341532308,0.06903639775508867,TRUE,FALSE,FALSE
M7_log_amounts_bank_year_fixed_effects,bank_factorMorgan Stanley,5.648773812218839,1.2330113140019707,4.581283032906388,5.9988580129585135e-6,TRUE,TRUE,TRUE
M7_log_amounts_bank_year_fixed_effects,bank_factorMUFG Americas Holdings Corporation,1.5944160702286458,1.3249113094778615,1.203413435165705,0.2294518925575043,FALSE,FALSE,FALSE
M7_log_amounts_bank_year_fixed_effects,bank_factorNorthern Trust Corporation,1.7763760426874795,1.4351615089501244,1.237753403787262,0.21645579963978234,FALSE,FALSE,FALSE
M7_log_amounts_bank_year_fixed_effects,bank_factorRBC US Group Holdings LLC,2.9210217342494103,1.3490205462636755,2.16529076769041,0.030892571793314606,TRUE,TRUE,FALSE
M7_log_amounts_bank_year_fixed_effects,bank_factorRBC USA Holdco Corporation,2.5402495590708964,1.4895282728806376,1.7054053993605918,0.08881202070895551,TRUE,FALSE,FALSE
M7_log_amounts_bank_year_fixed_effects,bank_factorRegions Financial Corporation,1.5737590250590308,1.2699187183220126,1.2392596489470544,0.21589817970791153,FALSE,FALSE,FALSE
M7_log_amounts_bank_year_fixed_effects,"bank_factorSantander Holdings USA, Inc.",-0.27229040560149903,1.1800057051795825,-0.23075346534876265,0.8176116744721695,FALSE,FALSE,FALSE
M7_log_amounts_bank_year_fixed_effects,bank_factorState Street Corporation,4.285628166681904,1.5151372398289562,2.8285412397135117,0.004885852401653055,TRUE,TRUE,TRUE
M7_log_amounts_bank_year_fixed_effects,"bank_factorSunTrust Banks, Inc.",1.4250905926845647,1.231491526560263,1.1572069818986512,0.24780442818818368,FALSE,FALSE,FALSE
M7_log_amounts_bank_year_fixed_effects,bank_factorSynchrony Financial,0.14287842328549918,1.3457032612671684,0.10617379581213104,0.9154919858061678,FALSE,FALSE,FALSE
M7_log_amounts_bank_year_fixed_effects,bank_factorTD Group US Holdings LLC,0.8346710341185365,1.152206535601832,0.7244109526618531,0.4691916157014626,FALSE,FALSE,FALSE
M7_log_amounts_bank_year_fixed_effects,bank_factorThe Bank of New York Mellon Corporation,3.912842034007231,1.4564988712463638,2.686471037673315,0.007489566783975035,TRUE,TRUE,TRUE
M7_log_amounts_bank_year_fixed_effects,bank_factorThe Charles Schwab Corporation,2.4808017014740544,1.5841488346892787,1.5660155454778646,0.11805102367611942,FALSE,FALSE,FALSE
M7_log_amounts_bank_year_fixed_effects,"bank_factorThe Goldman Sachs Group, Inc.",4.796844801538892,1.1062175079683962,4.336258255709992,1.7917366399391067e-5,TRUE,TRUE,TRUE
M7_log_amounts_bank_year_fixed_effects,"bank_factorThe PNC Financial Services Group, Inc.",1.14249943477408,1.0887801920344773,1.049338923625368,0.294587893508394,FALSE,FALSE,FALSE
M7_log_amounts_bank_year_fixed_effects,bank_factorTruist Financial Corporation,1.000160702859353,1.0761604136115757,0.9293788269936739,0.3531932819859682,FALSE,FALSE,FALSE
M7_log_amounts_bank_year_fixed_effects,bank_factorU.S. Bancorp,0.6198438375527647,1.0097044354007496,0.6138864164806308,0.5396019725295871,FALSE,FALSE,FALSE
M7_log_amounts_bank_year_fixed_effects,bank_factorUBS Americas Holding LLC,5.126448738954,1.485316913869333,3.4514174659193215,6.105358433534696e-4,TRUE,TRUE,TRUE
M7_log_amounts_bank_year_fixed_effects,bank_factorWells Fargo & Company,0.9000874364018585,0.8309446508165623,1.083209857019177,0.2792979261528293,FALSE,FALSE,FALSE
M7_log_amounts_bank_year_fixed_effects,bank_factorZions Bancorporation,2.0529766485365966,1.418535770921281,1.4472505315838968,0.14852612972202395,FALSE,FALSE,FALSE
